request,number_of_views,date
карта,3,2025-02-11
погода,5,2025-02-13
котики,5,2025-02-11
игры,2,2025-02-14
погода,1,2025-02-17
ютуб,1,2025-02-13
погода,1,2025-02-18
вк,1,2025-02-15
авито,5,2025-02-11
карта,2,2025-02-15
спорт,5,2025-02-13
фильмы,3,2025-02-17
музыка,1,2025-02-15
фильмы,2,2025-02-16
авито,3,2025-02-10
вконтакте,3,2025-02-13
погода,5,2025-02-19
переводчик,3,2025-02-11
игры,2,2025-02-13
новости,2,2025-02-10
спорт,4,2025-02-15
переводчик,5,2025-02-14
музыка,1,2025-02-13
работа,4,2025-02-11
музыка,2,2025-02-11
работа,1,2025-02-12
авито,5,2025-02-19
погода,1,2025-02-18
работа,3,2025-02-16
ютуб,5,2025-02-18
авито,5,2025-02-10
новости,1,2025-02-12
переводчик,3,2025-02-11
погода,3,2025-02-17
новости,5,2025-02-15
авито,1,2025-02-14
вк,3,2025-02-13
музыка,4,2025-02-15
фильмы,4,2025-02-13
вконтакте,1,2025-02-14
музыка,2,2025-02-17
вк,4,2025-02-11
вк,4,2025-02-15
музыка,2,2025-02-17
вк,3,2025-02-16
карта,2,2025-02-13
карта,4,2025-02-10
новости,3,2025-02-12
новости,5,2025-02-17
игры,3,2025-02-12
спорт,5,2025-02-18
карта,4,2025-02-17
карта,3,2025-02-16
котики,3,2025-02-17
погода,5,2025-02-10
переводчик,4,2025-02-19
работа,3,2025-02-17
карта,5,2025-02-14
фильмы,4,2025-02-14
авито,4,2025-02-12
авито,3,2025-02-10
музыка,3,2025-02-17
спорт,5,2025-02-11
фильмы,3,2025-02-17
работа,3,2025-02-11
фильмы,2,2025-02-11
спорт,2,2025-02-11
переводчик,2,2025-02-13
музыка,3,2025-02-10
ютуб,1,2025-02-16
фильмы,1,2025-02-18
фильмы,4,2025-02-10
карта,1,2025-02-11
ютуб,4,2025-02-13
работа,1,2025-02-11
погода,2,2025-02-16
музыка,3,2025-02-11
музыка,5,2025-02-12
карта,3,2025-02-19
переводчик,2,2025-02-11
авито,2,2025-02-12
вконтакте,3,2025-02-16
игры,2,2025-02-17
спорт,4,2025-02-12
котики,3,2025-02-10
вконтакте,5,2025-02-12
спорт,3,2025-02-14
переводчик,2,2025-02-19
новости,1,2025-02-18
погода,4,2025-02-15
спорт,2,2025-02-13
ютуб,4,2025-02-14
авито,2,2025-02-12
спорт,1,2025-02-10
игры,4,2025-02-10
новости,4,2025-02-16
новости,1,2025-02-18
фильмы,3,2025-02-18
игры,5,2025-02-13
работа,2,2025-02-17
игры,4,2025-02-12
котики,1,2025-02-17
ютуб,5,2025-02-19
авито,4,2025-02-13
вк,2,2025-02-11
музыка,5,2025-02-11
карта,3,2025-02-10
авито,4,2025-02-17
карта,5,2025-02-10
спорт,5,2025-02-18
новости,2,2025-02-14
вконтакте,5,2025-02-19
котики,2,2025-02-19
работа,1,2025-02-14
ютуб,1,2025-02-10
карта,1,2025-02-13
погода,2,2025-02-17
котики,3,2025-02-18
ютуб,3,2025-02-19
переводчик,1,2025-02-11
новости,5,2025-02-17
игры,4,2025-02-19
вконтакте,1,2025-02-11
вк,5,2025-02-15
вк,2,2025-02-13
переводчик,1,2025-02-16
котики,1,2025-02-19
авито,4,2025-02-19
игры,3,2025-02-11
игры,5,2025-02-10
погода,1,2025-02-11
музыка,1,2025-02-15
вк,5,2025-02-14
вконтакте,1,2025-02-17
переводчик,2,2025-02-11
котики,4,2025-02-12
фильмы,3,2025-02-17
ютуб,4,2025-02-13
фильмы,2,2025-02-17
котики,4,2025-02-13
фильмы,2,2025-02-13
погода,2,2025-02-19
спорт,4,2025-02-10
авито,4,2025-02-15
работа,4,2025-02-14
работа,5,2025-02-17
новости,2,2025-02-16
фильмы,1,2025-02-12
фильмы,5,2025-02-19
карта,1,2025-02-18
переводчик,1,2025-02-19
новости,5,2025-02-11
вконтакте,1,2025-02-16
игры,5,2025-02-15
карта,3,2025-02-12
погода,2,2025-02-19
ютуб,1,2025-02-17
карта,1,2025-02-11
ютуб,1,2025-02-17
вк,5,2025-02-19
переводчик,5,2025-02-12
ютуб,2,2025-02-15
карта,4,2025-02-16
фильмы,3,2025-02-15
погода,3,2025-02-12
ютуб,5,2025-02-10
вконтакте,1,2025-02-12
погода,1,2025-02-11
музыка,1,2025-02-19
ютуб,3,2025-02-15
переводчик,3,2025-02-10
работа,4,2025-02-10
работа,4,2025-02-16
погода,4,2025-02-15
фильмы,2,2025-02-12
музыка,3,2025-02-17
погода,5,2025-02-19
переводчик,4,2025-02-10
вконтакте,4,2025-02-11
вк,2,2025-02-16
авито,3,2025-02-19
игры,1,2025-02-13
спорт,2,2025-02-14
вк,4,2025-02-11
музыка,1,2025-02-10
авито,5,2025-02-14
игры,4,2025-02-17
погода,2,2025-02-12
карта,2,2025-02-19
погода,3,2025-02-19
работа,4,2025-02-10
вк,4,2025-02-13
спорт,2,2025-02-18
игры,3,2025-02-13
игры,1,2025-02-10
карта,2,2025-02-10
фильмы,3,2025-02-11
работа,4,2025-02-16
игры,2,2025-02-17
переводчик,1,2025-02-10
фильмы,5,2025-02-18
ютуб,2,2025-02-11
новости,1,2025-02-16
ютуб,2,2025-02-14
игры,3,2025-02-17
вконтакте,2,2025-02-11
вконтакте,5,2025-02-19
авито,2,2025-02-17
переводчик,3,2025-02-16
погода,3,2025-02-16
вк,5,2025-02-15
фильмы,1,2025-02-12
спорт,1,2025-02-10
переводчик,5,2025-02-15
музыка,3,2025-02-18
работа,3,2025-02-12
ютуб,5,2025-02-14
переводчик,1,2025-02-14
игры,4,2025-02-14
авито,1,2025-02-19
работа,4,2025-02-13
вконтакте,3,2025-02-18
музыка,3,2025-02-19
музыка,3,2025-02-14
авито,3,2025-02-11
фильмы,1,2025-02-19
авито,5,2025-02-16
вк,4,2025-02-11
погода,5,2025-02-16
карта,2,2025-02-17
переводчик,4,2025-02-16
карта,3,2025-02-16
спорт,1,2025-02-13
вк,1,2025-02-16
переводчик,2,2025-02-16
спорт,4,2025-02-15
музыка,1,2025-02-19
ютуб,2,2025-02-18
игры,3,2025-02-11
новости,1,2025-02-15
игры,1,2025-02-12
котики,4,2025-02-18
вк,2,2025-02-11
игры,3,2025-02-10
карта,3,2025-02-10
карта,3,2025-02-19
котики,3,2025-02-14
вк,5,2025-02-16
спорт,3,2025-02-17
спорт,2,2025-02-12
фильмы,2,2025-02-18
спорт,5,2025-02-10
игры,4,2025-02-19
фильмы,1,2025-02-19
работа,4,2025-02-13
